{
  "ablation": "alcohol",
  "model": "logreg",
  "feature_columns": [
    "ALQ111",
    "ALQ121",
    "ALQ130",
    "ALQ142",
    "ALQ151",
    "ALQ170",
    "ALQ270",
    "ALQ280",
    "ALQ290"
  ],
  "categorical_columns": [],
  "numeric_columns": [
    "ALQ111",
    "ALQ121",
    "ALQ130",
    "ALQ142",
    "ALQ151",
    "ALQ170",
    "ALQ270",
    "ALQ280",
    "ALQ290"
  ],
  "metrics": {
    "accuracy": 0.7384272169548243,
    "f1": 0.1728395061728395,
    "auroc": 0.5826354679802955
  },
  "test_indices": [
    2534,
    4531,
    5604,
    1290,
    4938,
    6378,
    5752,
    8473,
    4465,
    5315,
    4160,
    7264,
    8854,
    6821,
    3181,
    5041,
    6831,
    2236,
    6094,
    8660,
    3876,
    7463,
    1059,
    7874,
    445,
    2340,
    5624,
    4128,
    1412,
    2307,
    6857,
    3391,
    450,
    6824,
    239,
    8078,
    4227,
    2522,
    3810,
    2701,
    8904,
    6863,
    8542,
    5777,
    3987,
    8053,
    4517,
    6955,
    1698,
    2400,
    2899,
    8284,
    6226,
    7730,
    2349,
    3559,
    2773,
    1333,
    4516,
    6598,
    100,
    3013,
    926,
    609,
    5882,
    1645,
    3540,
    6557,
    8179,
    1613,
    6458,
    5712,
    8713,
    7304,
    6432,
    6473,
    8469,
    4605,
    174,
    3932,
    8419,
    5656,
    3824,
    8919,
    876,
    8047,
    7786,
    7219,
    828,
    653,
    2528,
    4395,
    7086,
    5918,
    2006,
    5838,
    8043,
    8014,
    1089,
    3045,
    7920,
    2947,
    5642,
    1729,
    3171,
    5738,
    5310,
    2631,
    5066,
    5534,
    156,
    4720,
    7222,
    4821,
    5440,
    3588,
    358,
    6993,
    4501,
    8520,
    7962,
    2359,
    401,
    8173,
    1618,
    4157,
    390,
    5782,
    5871,
    891,
    7370,
    2285,
    1093,
    5137,
    4957,
    8150,
    1092,
    5988,
    7908,
    628,
    3551,
    2900,
    5591,
    7807,
    893,
    553,
    2774,
    6163,
    4862,
    3573,
    8394,
    3719,
    4033,
    1779,
    3132,
    5806,
    8829,
    5528,
    1222,
    3374,
    8301,
    2253,
    5112,
    8288,
    5845,
    1755,
    6221,
    5231,
    2922,
    2221,
    7575,
    6281,
    5607,
    1502,
    2931,
    516,
    5148,
    1201,
    8625,
    8537,
    5504,
    3366,
    6718,
    6269,
    7790,
    1026,
    5588,
    1067,
    2907,
    4644,
    6846,
    2258,
    1678,
    622,
    2217,
    6702,
    5929,
    2004,
    6662,
    5727,
    4842,
    6516,
    2625,
    8641,
    1004,
    1157,
    2342,
    204,
    3497,
    2324,
    2386,
    7686,
    777,
    7684,
    1001,
    3529,
    7163,
    8110,
    2164,
    6892,
    3490,
    7896,
    7708,
    7654,
    3086,
    4030,
    369,
    3488,
    4748,
    7299,
    2336,
    1662,
    478,
    2885,
    5016,
    5256,
    6268,
    985,
    7262,
    843,
    5044,
    6593,
    7494,
    7776,
    8005,
    2992,
    2372,
    7518,
    8457,
    2260,
    7026,
    5620,
    1232,
    8197,
    7627,
    2150,
    2364,
    5818,
    5986,
    416,
    5674,
    3090,
    2078,
    6909,
    7076,
    8335,
    7515,
    2062,
    4797,
    6207,
    2521,
    1490,
    2756,
    6045,
    5436,
    1853,
    1455,
    5376,
    7693,
    8848,
    4419,
    3562,
    3142,
    3886,
    7484,
    2003,
    5556,
    3154,
    6532,
    3073,
    1820,
    8079,
    2960,
    6190,
    5013,
    7917,
    1409,
    3482,
    2296,
    7879,
    5380,
    8703,
    5784,
    6755,
    6446,
    5861,
    3689,
    1442,
    3108,
    71,
    5577,
    7862,
    6239,
    7613,
    3552,
    5227,
    8164,
    4236,
    3076,
    5324,
    772,
    7566,
    4818,
    2753,
    5718,
    5103,
    1777,
    2716,
    5788,
    5178,
    4817,
    2158,
    674,
    4778,
    2847,
    2206,
    238,
    912,
    7346,
    8695,
    426,
    545,
    4717,
    6708,
    5422,
    3221,
    658,
    2139,
    5628,
    29,
    7878,
    1706,
    7849,
    271,
    1873,
    3397,
    6196,
    4992,
    3429,
    2488,
    3009,
    8191,
    7254,
    6194,
    3714,
    2661,
    3402,
    4837,
    7555,
    1518,
    8783,
    6348,
    436,
    6031,
    3238,
    1723,
    295,
    2637,
    6585,
    2182,
    7584,
    6512,
    6010,
    1602,
    6231,
    8952,
    8326,
    8435,
    4438,
    6405,
    2226,
    941,
    1071,
    6520,
    1441,
    4352,
    5309,
    3640,
    205,
    2154,
    7473,
    6921,
    6050,
    5983,
    5195,
    7529,
    4045,
    7859,
    7231,
    2784,
    864,
    1489,
    3367,
    5463,
    8566,
    8031,
    4921,
    8896,
    2702,
    8544,
    7051,
    1696,
    7470,
    5326,
    5830,
    221,
    5771,
    7523,
    5973,
    787,
    1058,
    3245,
    1494,
    650,
    5026,
    8274,
    3541,
    4257,
    1033,
    2326,
    5110,
    108,
    6357,
    3107,
    7345,
    1148,
    4003,
    3422,
    7550,
    7996,
    2222,
    3558,
    8476,
    833,
    3856,
    4266,
    2974,
    1338,
    1279,
    1750,
    435,
    281,
    6631,
    7620,
    1369,
    7632,
    8202,
    2595,
    7353,
    3699,
    4864,
    983,
    3356,
    2121,
    6424,
    8748,
    4680,
    5955,
    7921,
    4368,
    4482,
    3544,
    273,
    824,
    6256,
    7491,
    6867,
    1874,
    1493,
    7870,
    4509,
    1098,
    5215,
    5669,
    7982,
    493,
    5589,
    6002,
    5779,
    4780,
    886,
    4407,
    4787,
    2068,
    2656,
    1375,
    2450,
    5676,
    3427,
    4494,
    5910,
    1830,
    3278,
    6695,
    2917,
    584,
    7457,
    4040,
    1429,
    8174,
    364,
    4066,
    1145,
    4466,
    6862,
    8168,
    323,
    8102,
    3656,
    1876,
    6483,
    8157,
    6392,
    9,
    2090,
    2832,
    5257,
    6822,
    1340,
    3396,
    6580,
    3977,
    3352,
    7578,
    2335,
    8890,
    8387,
    8162,
    7926,
    7709,
    3962,
    810,
    212,
    8271,
    4065,
    6615,
    1439,
    1894,
    8581,
    2468,
    3098,
    7779,
    1406,
    1588,
    5521,
    6529,
    7965,
    1467,
    2761,
    8770,
    5494,
    1699,
    7107,
    6438,
    764,
    995,
    4428,
    7139,
    3687,
    2145,
    7744,
    5749,
    8035,
    3166,
    1030,
    7817,
    6931,
    7251,
    2723,
    5109,
    3066,
    6805,
    3321,
    5632,
    7633,
    1646,
    2261,
    5724,
    7525,
    8639,
    5197,
    8438,
    6189,
    712,
    1018,
    7543,
    6682,
    5107,
    832,
    1343,
    5905,
    3924,
    1124,
    2201,
    2091,
    3202,
    7929,
    1769,
    4622,
    6264,
    8010,
    3737,
    5559,
    7601,
    2454,
    7150,
    7599,
    7372,
    6962,
    933,
    5702,
    8402,
    7390,
    5217,
    2542,
    2790,
    4630,
    5684,
    2427,
    2007,
    7279,
    6191,
    4300,
    8143,
    6324,
    3765,
    8531,
    6070,
    3444,
    1293,
    1254,
    3729,
    5238,
    1695,
    4647,
    4479,
    8815,
    138,
    555,
    8037,
    3306,
    6387,
    7471,
    2959,
    104,
    5462,
    5345,
    6524,
    5397,
    6507,
    2856,
    6474,
    5883,
    1539,
    5406,
    7028,
    8538,
    1454,
    6259,
    3770,
    2492,
    3067,
    610,
    4586,
    3028,
    5349,
    7208,
    5467,
    2319,
    8654,
    3203,
    506,
    965,
    6352,
    8370,
    4528,
    7456,
    4177,
    1141,
    8626,
    2816,
    5243,
    5765,
    96,
    5252,
    8380,
    3585,
    566,
    7824,
    3206,
    7358,
    8311,
    2002,
    5286,
    3473,
    8055,
    6075,
    2227,
    8508,
    3716,
    4122,
    1938,
    3884,
    4627,
    2192,
    6037,
    783,
    6265,
    7105,
    4210,
    6504,
    5828,
    4917,
    5118,
    6896,
    7438,
    1650,
    322,
    1970,
    2449,
    5177,
    6177,
    4860,
    7638,
    2968,
    753,
    5034,
    4752,
    4492,
    2587,
    3988,
    5734,
    132,
    7592,
    2964,
    916,
