subgroup,n,accuracy,f1,auroc
RIAGENDR==1,885,0.6542372881355932,0.20725388601036268,0.5691135271287944
RIAGENDR==2,908,0.8204845814977973,0.09944751381215469,0.5519453118406616
