ablation,model,accuracy,f1,auroc,n_train,n_test,pos_rate_train,pos_rate_test
alcohol,logreg,0.7384272169548243,0.1728395061728395,0.5826354679802955,7172,1793,0.0780814277746793,0.0780814277746793
