model,accuracy,f1,auroc
XGBoost,0.9559397657557167,0.7018867924528301,0.9694710915219081
Random Forest,0.9542665923034022,0.6132075471698113,0.9638687235329703
Logistic Regression,0.9068600111544897,0.5956416464891041,0.9632227119522946
